CREATE TABLE Member ( MemberID int, LastName varchar(255), FirstName varchar(255), DOB varchar(255), Primary Key(MemberID));

CREATE TABLE Publisher ( PubID int, PubName varchar(255), Primary Key(PubID));

CREATE TABLE Book ( ISBN varchar(255), Title varchar(255), YearPub varchar(255), PubID int, Primary Key(ISBN), Foreign Key(PubID) References Publisher(PubID));

CREATE TABLE Author ( AuthorID int, LastName varchar(255), FirstName varchar(255), Primary Key(AuthorID));

CREATE TABLE Library ( LibraryName varchar(255), Street varchar(255), City varchar(255), State varchar(255), Primary Key(LibraryName));


CREATE TABLE BorrowedBy (MemberID int, ISBN varchar(255), CheckoutDate varchar(255), CheckinDate varchar(255), LibraryName varchar(255), Primary Key(MemberID, ISBN, CheckoutDate, LibraryName), Foreign Key(MemberID) References Member(MemberID), Foreign Key(ISBN) References Book(ISBN), Foreign Key(LibraryName) References Library(LibraryName));

CREATE TABLE WrittenBy (AuthorID int, ISBN varchar(255), Primary Key(AuthorID, ISBN), Foreign Key(AuthorID) References Author(AuthorID), Foreign Key(ISBN) References Book(ISBN));

CREATE TABLE AuthorPhone (AuthorID int, PNumber varchar(255), Type varchar(255), Foreign Key(AuthorID) References Author(AuthorID), Primary Key(AuthorID, PNumber));

CREATE TABLE PublisherPhone (PubID int, PNumber varchar(255), Type varchar(255), Foreign Key(PubID) References Publisher(PubID), Primary Key(PubID, PNumber));

CREATE TABLE PublishedBy (PubID int, ISBN varchar(255), Primary Key(PubID, ISBN), Foreign Key(PubID) References Publisher(PubID), Foreign Key(ISBN) References Book(ISBN));

CREATE TABLE LocatedAt (TotalCopies int, Available int, Shelf int, FloorNumber int, LibraryName varchar(255), ISBN varchar(255), Primary Key(LibraryName, ISBN), Foreign Key(LibraryName) References Library(LibraryName), Foreign Key(ISBN) References Book(ISBN));

Insert into Author values (101, 'Ewing', 'Bobby');
Insert into AuthorPhone values (101, '970-555-1000', 'c');
Insert into AuthorPhone values (101, '970-555-1010', 'h');

Insert into Author values (102, 'Skelton', 'Red');
Insert into AuthorPhone values (102, '970-555-1100', 'o');

Insert into Author values (201, 'Magnum', 'Thomas');
Insert into AuthorPhone values (201, '03-555-1200', 'h');

Insert into Author values (202, 'Barnes', 'Julie');
Insert into AuthorPhone values (202, '303-555-1200', 'h');
Insert into AuthorPhone values (202, '303-555-1210', 'c');

Insert into Author values (203, 'Ramjet', 'Roger');
Insert into AuthorPhone values (203, '970-555-1400', 'c');

Insert into Author values (204, 'Hart', 'Mickey');

Insert into Author values (205, 'Slick', 'Grace');
Insert into AuthorPhone values (205, '970-555-1600', 'h');

Insert into Author values (206, 'Mason', 'Perry');
Insert into AuthorPhone values (206, '970-555-1600', 'h');

Insert into Author values (207, 'Betts', 'Dickey');
Insert into AuthorPhone values (207, '970-555-1800', 'c');

Insert into Author values (208, 'Kid', 'Waco');
Insert into AuthorPhone values (208, '970-555-1900', 'h');

Insert into Author values (209, 'Thornhill', 'Roger');
Insert into AuthorPhone values (209, '970-555-2000', 'h');
Insert into AuthorPhone values (209, '970-555-2010', 'c');

Insert into Author values (210, 'Ferguson', 'Scottie');
Insert into AuthorPhone values (210, '970-555-2001', 'h');

Insert into Author values (301, 'Wright', 'Barbara');
Insert into AuthorPhone values (301, '970-555-2020', 'c');

Insert into Author values (302, 'Crichton', 'John');
Insert into AuthorPhone values (302, '970-555-2300', 'o');

Insert into Author values (303, 'Flux', 'Aeon');
Insert into AuthorPhone values (303, '970-555-2400', 'h');
Insert into AuthorPhone values (303, '970-555-2401', 'c');
Insert into AuthorPhone values (303, '970-555-2403', 'o');

Insert into Author values (304, 'Crawley', 'Robert');
Insert into AuthorPhone values (304, '970-555-2400', 'h');
Insert into AuthorPhone values (304, '970-555-2402', 'c');
Insert into AuthorPhone values (304, '970-555-2403', 'o');

INSERT INTO Member VALUES (1000,'Coyote','Wiley','9/10/1961');
INSERT INTO Member VALUES (1100,'Bunny','Bugs','6/24/1990');
INSERT INTO Member VALUES (1200,'Oyl','Olive','7/19/1989');
INSERT INTO Member VALUES (1300,'Wonderland','Alice','7/19/1989');
INSERT INTO Member VALUES (1400,'Ramjet','Roger','1/13/1985');
INSERT INTO Member VALUES (1500,'Lujack','Larry','6/6/1940');
INSERT INTO Member VALUES (1600,'Tankengine','Thomas','4/1/1991');
INSERT INTO Member VALUES (1700,'Corwin','Amber','12/1/1970');
INSERT INTO Member VALUES (1800,'Barimen','Dworkin','12/2/1950');
INSERT INTO Member VALUES (1900,'Garion','Bel','01/01/1983');
INSERT INTO Member VALUES (2000,'Gara','Pol','01/10/1963');
INSERT INTO Member VALUES (2001,'Clark','Art','12/6/2001');
INSERT INTO Member VALUES (2002,'Crawley','Edith','09/4/1962');
INSERT INTO Member VALUES (2003,'Bates','John','12/12/2001');
INSERT INTO Member VALUES (2004,'Barrow','Thomas','05/05/2005');
INSERT INTO Member VALUES (2005,'Watson','John','02/22/1975');
INSERT INTO Member VALUES (2006,'Moriarty','Jim','03/12/1967');
INSERT INTO Member VALUES (2007,'White','Walter','05/14/1983');
INSERT INTO Member VALUES (2008,'White','Skyler','04/12/1983');
INSERT INTO Member VALUES (2009,'Morgan','Dexter','07/11/1994');
INSERT INTO Member VALUES (2010,'Bennett','Rita','11/12/2001');
INSERT INTO Member VALUES (2011,'Kwon','Sun','10/19/1988');
INSERT INTO Member VALUES (2012,'Locke','John','01/01/2000');
INSERT INTO Member VALUES (2013,'Littleton','Clair','02/01/2001');
INSERT INTO Member VALUES (2015,'Bennet','Claire','03/11/2001');
INSERT INTO Member VALUES (2016,'Suresh','Mohinder','04/15/1993');
INSERT INTO Member VALUES (2017,'Sullivan','Chloe','05/16/2007');
INSERT INTO Member VALUES (2018,'Kent','Martha','02/13/1954');
INSERT INTO Member VALUES (2019,'Matthews','Paige','03/16/1977');
INSERT INTO Member VALUES (2020,'Wyatt','Leo','10/01/2000');
INSERT INTO Member VALUES (2021,'Summers','Buffy','05/26/2000');
INSERT INTO Member VALUES (2022,'Harris','Xander','06/23/2001');

INSERT INTO Publisher VALUES (10000,'Wiley');
INSERT INTO PublisherPhone VALUES (10000,'970-555-5000','o');

INSERT INTO Publisher VALUES (10001,'McGraw-Hill');
INSERT INTO PublisherPhone VALUES (10001,'970-555-5010','o');

INSERT INTO Publisher VALUES (10002,'Coyote Publishing');
INSERT INTO PublisherPhone VALUES (10002,'970-555-5020','o');

INSERT INTO Publisher VALUES (10003,'Amazon');
INSERT INTO PublisherPhone VALUES (10003,'970-555-5030','o');

INSERT INTO Publisher VALUES (10004,'Jerrys Ice Cream');
INSERT INTO PublisherPhone VALUES (10004,'970-555-5040','o');

INSERT INTO Publisher VALUES (10005,'Buy a Boat');
INSERT INTO PublisherPhone VALUES (10005,'970-555-5050','o');

INSERT INTO Publisher VALUES (10006,'Flagstaff Publishing');
INSERT INTO PublisherPhone VALUES (10006,'970-555-5060','o');
INSERT INTO PublisherPhone VALUES (10006,'970-555-5070','c');

INSERT INTO Publisher VALUES (10007,'Ram West');
INSERT INTO PublisherPhone VALUES (10007,'970-555-5080','o');

INSERT INTO Book VALUES ('96-42103-10001','How to Grow Tomatoes','02/10/1963',10006);
INSERT INTO Book VALUES ('96-42103-10002','Mr. Smith Goes to Washington','03/23/2010',10007);
INSERT INTO Book VALUES ('96-42103-10003','Studying is Your Friend','04/11/1955',10000);
INSERT INTO Book VALUES ('96-42103-10004','To Have and To Cherish','06/01/2011',10003);
INSERT INTO Book VALUES ('96-42103-10005','Hal Finds a Home','03/15/2001',10003);
INSERT INTO Book VALUES ('96-42103-10006','Last Train to Clarksville','10/30/1999',10004);
INSERT INTO Book VALUES ('96-42103-10007','How to Digitally Sign','11/21/2003',10004);
INSERT INTO Book VALUES ('96-42103-10008','Sam Needs a Friend','12/23/2013',10005);
INSERT INTO Book VALUES ('96-42103-10009','Downton Abbey','12/14/2005',10002);
INSERT INTO Book VALUES ('96-42103-10011','Database Theory','01/14/2010',10001);
INSERT INTO Book VALUES ('96-42103-10022','Challenging Puzzles','03/15/1988',10001);
INSERT INTO Book VALUES ('96-42103-10033','American Football','02/08/2011',10006);
INSERT INTO Book VALUES ('96-42103-10034','European Football','08/08/2015',10003);
INSERT INTO Book VALUES ('96-42103-10040','Where to Start','05/09/2012',10003);
INSERT INTO Book VALUES ('96-42103-10054','Lacey Discovers Herself','06/12/2013',10002);
INSERT INTO Book VALUES ('96-42103-10068','Mr. Ed','09/03/2009',10001);
INSERT INTO Book VALUES ('96-42103-10081','Escape from Gilligans Island','03/29/2009',10000);
INSERT INTO Book VALUES ('96-42103-10093','Fixing Computers','01/29/2010',10000);
INSERT INTO Book VALUES ('96-42103-10109','Red Burn','01/20/2011',10000);
INSERT INTO Book VALUES ('96-42103-10206','Taks McGrill','02/21/2000',10003);
INSERT INTO Book VALUES ('96-42103-10300','Eating Healthy','02/16/1999',10004);
INSERT INTO Book VALUES ('96-42103-10401','How to Grow Cucumbers','03/14/1945',10006);
INSERT INTO Book VALUES ('96-42103-10502','Gardening Tips','08/16/1973',10007);
INSERT INTO Book VALUES ('96-42103-10604','Using the Library','09/09/1993',10003);
INSERT INTO Book VALUES ('96-42103-10709','Too Many Cooks','01/03/1983',10006);
INSERT INTO Book VALUES ('96-42103-10800','Green is Your Friend','03/22/2000',10006);
INSERT INTO Book VALUES ('96-42103-10907','Cubs Win!','06/02/2005',10002);
INSERT INTO Book VALUES ('96-42103-11003','Missing Tomorrow','09/01/2005',10001);
INSERT INTO Book VALUES ('96-42103-11604','Eating in the Fort','01/09/1993',10002);
INSERT INTO Book VALUES ('96-42103-11709','Green Eggs','01/05/1983',10003);
INSERT INTO Book VALUES ('96-42103-11800','Blue is Your Friend','03/20/2010',10002);

INSERT INTO Library VALUES ('Main','South Main','Fort Collins', 'CO');
INSERT INTO Library VALUES ('South Park','4000 South College','Fort Collins', 'CO');

INSERT INTO PublishedBy VALUES (10006,'96-42103-10001');
INSERT INTO WrittenBy VALUES (101,'96-42103-10001');
INSERT INTO WrittenBy VALUES (208,'96-42103-10001');
INSERT INTO PublishedBy VALUES (10007,'96-42103-10002');
INSERT INTO WrittenBy VALUES (102,'96-42103-10002');
INSERT INTO PublishedBy VALUES (10000,'96-42103-10003');
INSERT INTO WrittenBy VALUES (203,'96-42103-10003');
INSERT INTO WrittenBy VALUES (201,'96-42103-10003');
INSERT INTO PublishedBy VALUES (10003,'96-42103-10004');
INSERT INTO WrittenBy VALUES (209,'96-42103-10004');
INSERT INTO WrittenBy VALUES (302,'96-42103-10004');
INSERT INTO WrittenBy VALUES (304,'96-42103-10004');
INSERT INTO PublishedBy VALUES (10003,'96-42103-10005');
INSERT INTO WrittenBy VALUES (204,'96-42103-10005');
INSERT INTO PublishedBy VALUES (10004,'96-42103-10006');
INSERT INTO WrittenBy VALUES (101,'96-42103-10006');
INSERT INTO PublishedBy VALUES (10004,'96-42103-10007');
INSERT INTO WrittenBy VALUES (102,'96-42103-10007');
INSERT INTO WrittenBy VALUES (302,'96-42103-10007');
INSERT INTO PublishedBy VALUES (10005,'96-42103-10008');
INSERT INTO WrittenBy VALUES (209,'96-42103-10008');
INSERT INTO WrittenBy VALUES (210,'96-42103-10008');
INSERT INTO WrittenBy VALUES (301,'96-42103-10008');
INSERT INTO PublishedBy VALUES (10002,'96-42103-10009');
INSERT INTO WrittenBy VALUES (304,'96-42103-10009');
INSERT INTO PublishedBy VALUES (10001,'96-42103-10011');
INSERT INTO WrittenBy VALUES (207,'96-42103-10011');
INSERT INTO WrittenBy VALUES (208,'96-42103-10011');
INSERT INTO PublishedBy VALUES (10001,'96-42103-10022');
INSERT INTO WrittenBy VALUES (203,'96-42103-10022');
INSERT INTO PublishedBy VALUES (10006,'96-42103-10033');
INSERT INTO WrittenBy VALUES (202,'96-42103-10033');
INSERT INTO PublishedBy VALUES (10003,'96-42103-10034');
INSERT INTO WrittenBy VALUES (202,'96-42103-10034');
INSERT INTO PublishedBy VALUES (10003,'96-42103-10040');
INSERT INTO WrittenBy VALUES (205,'96-42103-10040');
INSERT INTO WrittenBy VALUES (203,'96-42103-10040');
INSERT INTO PublishedBy VALUES (10002,'96-42103-10054');
INSERT INTO WrittenBy VALUES (201,'96-42103-10054');
INSERT INTO WrittenBy VALUES (202,'96-42103-10054');
INSERT INTO PublishedBy VALUES (10001,'96-42103-10068');
INSERT INTO WrittenBy VALUES (210,'96-42103-10068');
INSERT INTO PublishedBy VALUES (10000,'96-42103-10081');
INSERT INTO WrittenBy VALUES (101,'96-42103-10081');
INSERT INTO WrittenBy VALUES (204,'96-42103-10081');
INSERT INTO PublishedBy VALUES (10000,'96-42103-10093');
INSERT INTO WrittenBy VALUES (102,'96-42103-10093');
INSERT INTO PublishedBy VALUES (10000,'96-42103-10109');
INSERT INTO WrittenBy VALUES (304,'96-42103-10109');
INSERT INTO WrittenBy VALUES (208,'96-42103-10109');
INSERT INTO PublishedBy VALUES (10003,'96-42103-10206');
INSERT INTO WrittenBy VALUES (210,'96-42103-10206');
INSERT INTO WrittenBy VALUES (301,'96-42103-10206');
INSERT INTO PublishedBy VALUES (10004,'96-42103-10300');
INSERT INTO WrittenBy VALUES (207,'96-42103-10300');
INSERT INTO WrittenBy VALUES (208,'96-42103-10300');
INSERT INTO PublishedBy VALUES (10006,'96-42103-10401');
INSERT INTO WrittenBy VALUES (101,'96-42103-10401');
INSERT INTO WrittenBy VALUES (203,'96-42103-10401');
INSERT INTO PublishedBy VALUES (10007,'96-42103-10502');
INSERT INTO WrittenBy VALUES (201,'96-42103-10502');
INSERT INTO WrittenBy VALUES (202,'96-42103-10502');
INSERT INTO PublishedBy VALUES (10003,'96-42103-10604');
INSERT INTO WrittenBy VALUES (201,'96-42103-10604');
INSERT INTO PublishedBy VALUES (10006,'96-42103-10709');
INSERT INTO WrittenBy VALUES (303,'96-42103-10709');
INSERT INTO WrittenBy VALUES (201,'96-42103-10709');
INSERT INTO PublishedBy VALUES (10006,'96-42103-10800');
INSERT INTO WrittenBy VALUES (301,'96-42103-10800');
INSERT INTO WrittenBy VALUES (302,'96-42103-10800');
INSERT INTO PublishedBy VALUES (10002,'96-42103-10907');
INSERT INTO WrittenBy VALUES (102,'96-42103-10907');
INSERT INTO WrittenBy VALUES (301,'96-42103-10907');
INSERT INTO PublishedBy VALUES (10001,'96-42103-11003');
INSERT INTO WrittenBy VALUES (204,'96-42103-11003');
INSERT INTO WrittenBy VALUES (205,'96-42103-11003');
INSERT INTO WrittenBy VALUES (206,'96-42103-11003');
INSERT INTO WrittenBy VALUES (207,'96-42103-11003');
INSERT INTO PublishedBy VALUES (10006,'96-42103-11800');
INSERT INTO WrittenBy VALUES (301,'96-42103-11800');
INSERT INTO WrittenBy VALUES (302,'96-42103-11800');
INSERT INTO PublishedBy VALUES (10003,'96-42103-11709');
INSERT INTO WrittenBy VALUES (303,'96-42103-11709');
INSERT INTO WrittenBy VALUES (201,'96-42103-11709');
INSERT INTO PublishedBy VALUES (10002,'96-42103-11604');
INSERT INTO WrittenBy VALUES (201,'96-42103-11604');

INSERT INTO BorrowedBy VALUES (1100,'96-42103-10604','4/13/2016','4/17/2016','Main');
INSERT INTO BorrowedBy VALUES (1100,'96-42103-10604','3/9/2016','3/10/2016','Main');
INSERT INTO BorrowedBy VALUES (1100,'96-42103-10003','3/23/2016','3/24/2016','Main');
INSERT INTO BorrowedBy VALUES (1100,'96-42103-10401','5/14/2016','5/16/2016','Main');
INSERT INTO BorrowedBy VALUES (1100,'96-42103-10001','4/27/2016','4/30/2016','Main');
INSERT INTO BorrowedBy VALUES (1100,'96-42103-10040','5/16/2016','5/16/2016','Main');
INSERT INTO BorrowedBy VALUES (1100,'96-42103-10709','5/18/2016','5/21/2016','Main');
INSERT INTO BorrowedBy VALUES (1100,'96-42103-10081','3/15/2016','3/17/2016','Main');
INSERT INTO BorrowedBy VALUES (1200,'96-42103-10081','4/10/2016','4/16/2016','Main');
INSERT INTO BorrowedBy VALUES (1200,'96-42103-10093','3/27/2016','3/29/2016','Main');
INSERT INTO BorrowedBy VALUES (1200,'96-42103-10109','4/15/2016','4/18/2016','Main');
INSERT INTO BorrowedBy VALUES (1300,'96-42103-10022','3/9/2016','3/10/2016','Main');
INSERT INTO BorrowedBy VALUES (1300,'96-42103-10206','5/11/2016','5/14/2016','Main');
INSERT INTO BorrowedBy VALUES (1300,'96-42103-10007','5/11/2016','5/12/2016','Main');
INSERT INTO BorrowedBy VALUES (1300,'96-42103-10001','3/28/2016','4/4/2016','Main');
INSERT INTO BorrowedBy VALUES (1300,'96-42103-10008','4/20/2016','4/26/2016','Main');
INSERT INTO BorrowedBy VALUES (1400,'96-42103-10033','3/26/2016','3/29/2016','Main');
INSERT INTO BorrowedBy VALUES (1400,'96-42103-10800','3/4/2016','3/6/2016','Main');
INSERT INTO BorrowedBy VALUES (1400,'96-42103-10008','5/24/2016','5/29/2016','Main');
INSERT INTO BorrowedBy VALUES (1400,'96-42103-10007','5/6/2016','5/11/2016','Main');
INSERT INTO BorrowedBy VALUES (1400,'96-42103-11003','3/5/2016','3/10/2016','Main');
INSERT INTO BorrowedBy VALUES (1400,'96-42103-10022','3/4/2016','3/7/2016','Main');
INSERT INTO BorrowedBy VALUES (1500,'96-42103-10004','5/14/2016','5/16/2016','Main');
INSERT INTO BorrowedBy VALUES (1500,'96-42103-10800','4/2/2016','4/5/2016','Main');
INSERT INTO BorrowedBy VALUES (1600,'96-42103-10206','5/21/2016','5/27/2016','Main');
INSERT INTO BorrowedBy VALUES (1600,'96-42103-10002','5/4/2016','5/9/2016','Main');
INSERT INTO BorrowedBy VALUES (1600,'96-42103-10011','3/20/2016','3/20/2016','Main');
INSERT INTO BorrowedBy VALUES (1600,'96-42103-10800','5/10/2016','5/13/2016','Main');
INSERT INTO BorrowedBy VALUES (1600,'96-42103-10300','3/22/2016','3/24/2016','Main');
INSERT INTO BorrowedBy VALUES (1700,'96-42103-10040','5/18/2016','5/21/2016','Main');
INSERT INTO BorrowedBy VALUES (1700,'96-42103-10604','4/17/2016','4/18/2016','Main');
INSERT INTO BorrowedBy VALUES (1700,'96-42103-11003','4/17/2016','4/20/2016','Main');
INSERT INTO BorrowedBy VALUES (1700,'96-42103-10004','4/5/2016','4/11/2016','Main');
INSERT INTO BorrowedBy VALUES (1700,'96-42103-10081','3/5/2016','3/8/2016','Main');
INSERT INTO BorrowedBy VALUES (1700,'96-42103-10800','4/22/2016','4/28/2016','Main');
INSERT INTO BorrowedBy VALUES (1800,'96-42103-10011','4/25/2016','4/26/2016','Main');
INSERT INTO BorrowedBy VALUES (1900,'96-42103-10008','5/1/2016','5/1/2016','Main');
INSERT INTO BorrowedBy VALUES (2000,'96-42103-10093','4/12/2016','4/12/2016','Main');
INSERT INTO BorrowedBy VALUES (2000,'96-42103-10005','5/17/2016','5/21/2016','Main');
INSERT INTO BorrowedBy VALUES (2000,'96-42103-10109','5/9/2016','5/11/2016','Main');
INSERT INTO BorrowedBy VALUES (2000,'96-42103-10006','5/8/2016','5/11/2016','Main');
INSERT INTO BorrowedBy VALUES (2001,'96-42103-10040','4/22/2016','4/25/2016','Main');
INSERT INTO BorrowedBy VALUES (2002,'96-42103-10040','5/22/2016','5/27/2016','Main');
INSERT INTO BorrowedBy VALUES (2002,'96-42103-10008','4/21/2016','4/25/2016','Main');
INSERT INTO BorrowedBy VALUES (2002,'96-42103-10081','3/4/2016','3/6/2016','Main');
INSERT INTO BorrowedBy VALUES (2002,'96-42103-10006','4/27/2016','5/2/2016','Main');
INSERT INTO BorrowedBy VALUES (2003,'96-42103-10040','4/9/2016','4/14/2016','Main');
INSERT INTO BorrowedBy VALUES (2003,'96-42103-10033','3/14/2016','3/15/2016','Main');
INSERT INTO BorrowedBy VALUES (2003,'96-42103-10068','4/12/2016','4/16/2016','Main');
INSERT INTO BorrowedBy VALUES (2004,'96-42103-10800','5/13/2016','5/17/2016','Main');
INSERT INTO BorrowedBy VALUES (2004,'96-42103-10040','4/27/2016','5/2/2016','Main');
INSERT INTO BorrowedBy VALUES (2004,'96-42103-10007','4/21/2016','4/23/2016','Main');
INSERT INTO BorrowedBy VALUES (2004,'96-42103-10907','5/9/2016','5/10/2016','Main');
INSERT INTO BorrowedBy VALUES (2004,'96-42103-10800','5/24/2016','5/28/2016','Main');
INSERT INTO BorrowedBy VALUES (2005,'96-42103-10011','4/20/2016','4/22/2016','Main');
INSERT INTO BorrowedBy VALUES (2006,'96-42103-10800','4/4/2016','4/4/2016','Main');
INSERT INTO BorrowedBy VALUES (2007,'96-42103-10709','3/13/2016','3/17/2016','Main');
INSERT INTO BorrowedBy VALUES (2007,'96-42103-10033','3/19/2016','3/24/2016','Main');
INSERT INTO BorrowedBy VALUES (2007,'96-42103-10068','4/19/2016','4/20/2016','Main');
INSERT INTO BorrowedBy VALUES (2008,'96-42103-10502','3/12/2016','3/14/2016','Main');
INSERT INTO BorrowedBy VALUES (2008,'96-42103-11003','4/4/2016','4/8/2016','Main');
INSERT INTO BorrowedBy VALUES (2009,'96-42103-10022','3/24/2016','3/30/2016','Main');
INSERT INTO BorrowedBy VALUES (2009,'96-42103-10709','4/12/2016','4/15/2016','Main');
INSERT INTO BorrowedBy VALUES (2009,'96-42103-10022','4/10/2016','4/10/2016','Main');
INSERT INTO BorrowedBy VALUES (2009,'96-42103-10009','3/20/2016','3/22/2016','Main');
INSERT INTO BorrowedBy VALUES (2009,'96-42103-10033','4/30/2016','5/2/2016','Main');
INSERT INTO BorrowedBy VALUES (2009,'96-42103-10007','3/7/2016','3/13/2016','Main');
INSERT INTO BorrowedBy VALUES (2009,'96-42103-10002','4/12/2016','4/13/2016','Main');
INSERT INTO BorrowedBy VALUES (2009,'96-42103-10709','4/30/2016','5/3/2016','Main');
INSERT INTO BorrowedBy VALUES (2009,'96-42103-10054','4/29/2016','5/2/2016','Main');
INSERT INTO BorrowedBy VALUES (2011,'96-42103-10093','4/20/2016','4/20/2016','Main');
INSERT INTO BorrowedBy VALUES (2011,'96-42103-10011','3/9/2016','3/11/2016','Main');
INSERT INTO BorrowedBy VALUES (2011,'96-42103-10081','3/15/2016','3/20/2016','Main');
INSERT INTO BorrowedBy VALUES (2011,'96-42103-10800','5/29/2016','NA','Main');
INSERT INTO BorrowedBy VALUES (2011,'96-42103-11003','3/6/2016','3/8/2016','Main');
INSERT INTO BorrowedBy VALUES (2011,'96-42103-10040','3/10/2016','3/16/2016','Main');
INSERT INTO BorrowedBy VALUES (2012,'96-42103-10009','3/28/2016','3/29/2016','Main');
INSERT INTO BorrowedBy VALUES (2012,'96-42103-10006','3/24/2016','3/28/2016','Main');
INSERT INTO BorrowedBy VALUES (2012,'96-42103-11003','4/4/2016','4/9/2016','Main');
INSERT INTO BorrowedBy VALUES (2012,'96-42103-10008','4/26/2016','4/28/2016','Main');
INSERT INTO BorrowedBy VALUES (2012,'96-42103-10002','5/27/2016','NA','Main');
INSERT INTO BorrowedBy VALUES (2013,'96-42103-10008','4/19/2016','4/23/2016','Main');
INSERT INTO BorrowedBy VALUES (2013,'96-42103-10054','3/26/2016','3/29/2016','Main');
INSERT INTO BorrowedBy VALUES (2013,'96-42103-10033','5/17/2016','5/21/2016','Main');
INSERT INTO BorrowedBy VALUES (2015,'96-42103-10009','3/15/2016','3/19/2016','Main');
INSERT INTO BorrowedBy VALUES (2016,'96-42103-10033','4/28/2016','4/30/2016','Main');
INSERT INTO BorrowedBy VALUES (2016,'96-42103-10907','4/22/2016','4/28/2016','Main');
INSERT INTO BorrowedBy VALUES (2016,'96-42103-10206','5/9/2016','5/14/2016','Main');
INSERT INTO BorrowedBy VALUES (2016,'96-42103-10907','3/6/2016','3/8/2016','Main');
INSERT INTO BorrowedBy VALUES (2016,'96-42103-10907','3/21/2016','3/22/2016','Main');
INSERT INTO BorrowedBy VALUES (2016,'96-42103-10001','4/7/2016','4/8/2016','Main');
INSERT INTO BorrowedBy VALUES (2016,'96-42103-10206','5/15/2016','5/15/2016','Main');
INSERT INTO BorrowedBy VALUES (2017,'96-42103-10709','4/20/2016','4/25/2016','Main');
INSERT INTO BorrowedBy VALUES (2017,'96-42103-10300','5/20/2016','5/26/2016','Main');
INSERT INTO BorrowedBy VALUES (2017,'96-42103-10093','3/19/2016','3/23/2016','Main');
INSERT INTO BorrowedBy VALUES (2017,'96-42103-10300','5/1/2016','5/5/2016','Main');
INSERT INTO BorrowedBy VALUES (2017,'96-42103-10004','3/14/2016','3/16/2016','Main');
INSERT INTO BorrowedBy VALUES (2018,'96-42103-10033','3/5/2016','3/7/2016','Main');
INSERT INTO BorrowedBy VALUES (2018,'96-42103-10004','3/25/2016','3/27/2016','Main');
INSERT INTO BorrowedBy VALUES (2018,'96-42103-10907','3/16/2016','3/20/2016','Main');
INSERT INTO BorrowedBy VALUES (2018,'96-42103-10008','5/10/2016','5/10/2016','Main');
INSERT INTO BorrowedBy VALUES (2018,'96-42103-10033','4/1/2016','4/7/2016','Main');
INSERT INTO BorrowedBy VALUES (2018,'96-42103-10300','4/5/2016','4/10/2016','Main');
INSERT INTO BorrowedBy VALUES (2018,'96-42103-10206','3/5/2016','3/11/2016','Main');
INSERT INTO BorrowedBy VALUES (2018,'96-42103-10709','4/20/2016','4/25/2016','Main');
INSERT INTO BorrowedBy VALUES (2018,'96-42103-10206','5/12/2016','5/17/2016','Main');
INSERT INTO BorrowedBy VALUES (2019,'96-42103-10009','3/11/2016','3/12/2016','Main');
INSERT INTO BorrowedBy VALUES (2020,'96-42103-10022','4/9/2016','4/10/2016','Main');
INSERT INTO BorrowedBy VALUES (2020,'96-42103-10206','5/13/2016','5/18/2016','Main');
INSERT INTO BorrowedBy VALUES (2020,'96-42103-10093','4/8/2016','4/12/2016','Main');
INSERT INTO BorrowedBy VALUES (2020,'96-42103-10401','5/29/2016','NA','Main');
INSERT INTO BorrowedBy VALUES (2021,'96-42103-10033','3/14/2016','3/16/2016','Main');
INSERT INTO BorrowedBy VALUES (2021,'96-42103-10001','5/21/2016','5/26/2016','Main');
INSERT INTO BorrowedBy VALUES (2021,'96-42103-10054','4/29/2016','4/30/2016','Main');
INSERT INTO BorrowedBy VALUES (2022,'96-42103-10009','3/25/2016','3/29/2016','Main');
INSERT INTO BorrowedBy VALUES (2022,'96-42103-10011','5/3/2016','5/6/2016','Main');
INSERT INTO BorrowedBy VALUES (2022,'96-42103-10109','4/16/2016','4/21/2016','Main');
INSERT INTO BorrowedBy VALUES (2022,'96-42103-11003','6/1/2016','NA','Main');
INSERT INTO BorrowedBy VALUES (2022,'96-42103-10081','3/26/2016','3/30/2016','Main');
INSERT INTO BorrowedBy VALUES (2022,'96-42103-10093','3/27/2016','3/29/2016','Main');
INSERT INTO BorrowedBy VALUES (2022,'96-42103-10502','3/26/2016','4/1/2016','Main');
INSERT INTO BorrowedBy VALUES (2022,'96-42103-10003','5/6/2016','5/9/2016','Main');

INSERT INTO LocatedAt VALUES (3,3,1,1,'Main','96-42103-10001');
INSERT INTO LocatedAt VALUES (1,1,1,1,'Main','96-42103-10002');
INSERT INTO LocatedAt VALUES (1,1,1,1,'Main','96-42103-10003');
INSERT INTO LocatedAt VALUES (2,2,2,1,'Main','96-42103-10004');
INSERT INTO LocatedAt VALUES (1,1,2,1,'Main','96-42103-10005');
INSERT INTO LocatedAt VALUES (1,1,2,1,'Main','96-42103-10006');
INSERT INTO LocatedAt VALUES (2,2,3,1,'Main','96-42103-10007');
INSERT INTO LocatedAt VALUES (2,2,3,1,'Main','96-42103-10008');
INSERT INTO LocatedAt VALUES (2,2,3,1,'Main','96-42103-10009');
INSERT INTO LocatedAt VALUES (2,2,4,1,'Main','96-42103-10011');
INSERT INTO LocatedAt VALUES (3,3,4,1,'Main','96-42103-10022');
INSERT INTO LocatedAt VALUES (3,3,4,1,'Main','96-42103-10033');
INSERT INTO LocatedAt VALUES (1,1,5,2,'Main','96-42103-10034');
INSERT INTO LocatedAt VALUES (2,2,5,2,'Main','96-42103-10040');
INSERT INTO LocatedAt VALUES (2,2,5,2,'Main','96-42103-10054');
INSERT INTO LocatedAt VALUES (1,1,6,2,'Main','96-42103-10068');
INSERT INTO LocatedAt VALUES (1,1,6,2,'Main','96-42103-10081');
INSERT INTO LocatedAt VALUES (1,1,6,2,'Main','96-42103-10093');
INSERT INTO LocatedAt VALUES (1,1,6,2,'Main','96-42103-10109');
INSERT INTO LocatedAt VALUES (1,1,7,2,'Main','96-42103-10206');
INSERT INTO LocatedAt VALUES (2,2,7,2,'Main','96-42103-10300');
INSERT INTO LocatedAt VALUES (2,2,7,2,'Main','96-42103-10401');
INSERT INTO LocatedAt VALUES (1,1,7,2,'Main','96-42103-10502');
INSERT INTO LocatedAt VALUES (2,2,8,2,'Main','96-42103-10604');
INSERT INTO LocatedAt VALUES (3,3,8,2,'Main','96-42103-10709');
INSERT INTO LocatedAt VALUES (2,2,8,2,'Main','96-42103-10800');
INSERT INTO LocatedAt VALUES (7,7,8,2,'Main','96-42103-10907');
INSERT INTO LocatedAt VALUES (3,3,8,2,'Main','96-42103-11003');

INSERT INTO LocatedAt VALUES (1,1,8,3,'South Park','96-42103-10001');
INSERT INTO LocatedAt VALUES (1,1,8,3,'South Park','96-42103-10002');
INSERT INTO LocatedAt VALUES (1,1,8,3,'South Park','96-42103-10003');
INSERT INTO LocatedAt VALUES (1,1,8,3,'South Park','96-42103-10004');
INSERT INTO LocatedAt VALUES (1,1,8,3,'South Park','96-42103-10005');
INSERT INTO LocatedAt VALUES (1,1,8,3,'South Park','96-42103-10006');
INSERT INTO LocatedAt VALUES (3,3,7,3,'South Park','96-42103-10007');
INSERT INTO LocatedAt VALUES (3,3,7,3,'South Park','96-42103-10008');
INSERT INTO LocatedAt VALUES (1,1,7,3,'South Park','96-42103-10009');
INSERT INTO LocatedAt VALUES (1,1,7,3,'South Park','96-42103-10011');
INSERT INTO LocatedAt VALUES (2,2,7,3,'South Park','96-42103-10022');
INSERT INTO LocatedAt VALUES (3,3,7,3,'South Park','96-42103-10033');
INSERT INTO LocatedAt VALUES (1,1,4,2,'South Park','96-42103-10040');
INSERT INTO LocatedAt VALUES (1,1,4,2,'South Park','96-42103-10054');
INSERT INTO LocatedAt VALUES (1,1,4,2,'South Park','96-42103-10068');
INSERT INTO LocatedAt VALUES (1,1,4,2,'South Park','96-42103-10081');
INSERT INTO LocatedAt VALUES (1,1,4,2,'South Park','96-42103-10093');
INSERT INTO LocatedAt VALUES (1,1,4,2,'South Park','96-42103-10109');
INSERT INTO LocatedAt VALUES (1,1,4,2,'South Park','96-42103-10206');
INSERT INTO LocatedAt VALUES (1,1,4,2,'South Park','96-42103-10300');
INSERT INTO LocatedAt VALUES (1,1,3,2,'South Park','96-42103-10401');
INSERT INTO LocatedAt VALUES (1,1,3,2,'South Park','96-42103-10502');
INSERT INTO LocatedAt VALUES (2,2,3,2,'South Park','96-42103-11604');
INSERT INTO LocatedAt VALUES (1,1,3,2,'South Park','96-42103-11709');
INSERT INTO LocatedAt VALUES (2,2,3,2,'South Park','96-42103-11800');
INSERT INTO LocatedAt VALUES (7,7,3,2,'South Park','96-42103-10907');
INSERT INTO LocatedAt VALUES (2,2,3,2,'South Park','96-42103-11003');

SELECT * FROM Library ORDER BY LibraryName;

SELECT * FROM LocatedAt ORDER BY ISBN;

SELECT DISTINCT Title, la1.TotalCopies, la1.LibraryName FROM Library l, Book b, LocatedAt la1, LocatedAt la2 WHERE la1.ISBN = la2.ISBN AND la1.LibraryName != la2.LibraryName AND b.ISBN = la1.ISBN ORDER BY Title;

SELECT DISTINCT LibraryName, COUNT(DISTINCT ISBN) FROM LocatedAt WHERE LibraryName = 'Main' UNION SELECT DISTINCT LibraryName, COUNT(DISTINCT ISBN) FROM LocatedAt WHERE LibraryName = 'South Park';

CREATE SQL SECURITY INVOKER VIEW book_view AS select distinct b.Title, Group_Concat(distinct a.FirstName,' ', a.LastName), Group_Concat(l.LibraryName) from LocatedAt l, Book b, Author a, WrittenBy wb where b.ISBN=wb.ISBN AND wb.AuthorID=a.AuthorID AND b.ISBN=l.ISBN GROUP BY b.Title;

SELECT * FROM book_view;

INSERT INTO Book VALUES ('96-42013-10510','Growing your own Weeds','06/24/2012',10000);
INSERT INTO PublishedBy VALUES (10000,'96-42013-10510');
INSERT INTO LocatedAt VALUES (1,1,8,2,'Main','96-42013-10510');

UPDATE LocatedAt SET TotalCopies=8 WHERE ISBN='96-42013-10907' AND LibraryName = 'Main';

DELETE Author FROM Author WHERE Author.FirstName='Grace' AND Author.LastName='Slick';

Insert into Author values (305, 'Adams', 'Commander');
Insert into AuthorPhone values (305, '970-555-5555', 'o');

INSERT INTO LocatedAt VALUES (1,1,8,3,'South Park','96-42013-10510');

DELETE LocatedAt FROM LocatedAt INNER JOIN Book on LocatedAt.ISBN=Book.ISBN where LocatedAt.LibraryName='Main' AND Book.Title="Missing Tomorrow";

UPDATE LocatedAt SET TotalCopies=TotalCopies + 2 WHERE LibraryName='South Park' AND ISBN='96-42103-11604';

INSERT INTO Book VALUES ('96-42013-10513','Growing your own Weeds','06/24/2012',90000);
